id,type,property,isLocal,externalLink,attributionId
1,Sound,None,false,http://www.xeno-canto.org/sounds/uploaded/SDPCHKOHRH/XC471567-2019-04-06%20Maccinaghio%20-%20Barcaghio%20Bergeronnette%20printaniere%20type%20flava%20iberiae.mp3,1
2,Paint,None,true,,2
3,Text,None,true,,3
4,Sound,None,false,http://www.xeno-canto.org/sounds/uploaded/KTFJBGYAVQ/XC474497-oedicn%C3%A8me%201h48.mp3,4
5,Paint,None,true,,5
6,Text,None,true,,6
7,Sound,None,false,http://www.xeno-canto.org/sounds/uploaded/SDPCHKOHRH/XC434837-2018-09-15%20Sion%20Lindre%20Alouette%20lulu%20migration.mp3,7
8,Paint,None,true,,8
9,Text,None,true,,9
10,Sound,None,false,http://www.xeno-canto.org/sounds/uploaded/RJNSQXBIJE/XC306692-2.%20Columba%20livia%20XC.MP3,10
11,Paint,None,true,,11
12,Text,None,true,,12
13,Sound,None,false,http://www.xeno-canto.org/sounds/uploaded/XGWHOCVWZE/XC462898-Willow%20Tit.mp3,13
14,Paint,None,true,,14
15,Text,None,true,,15
16,Sound,None,false,http://www.xeno-canto.org/sounds/uploaded/PJVICFDZGZ/XC352469-160917_0887%200840%20Monte%20Juliana_Pas%20Hisp%2003%20Str%20Dec.mp3,16
17,Paint,None,true,,17
18,Text,None,true,,18
19,Sound,None,false,http://www.xeno-canto.org/sounds/uploaded/LELYWQKUZX/XC183981-Lanius%20minor%20140513_027%2C%D0%A1.MP3,19
20,Paint,None,true,,20
21,Text,None,true,,21
22,Sound,None,false,http://www.xeno-canto.org/sounds/uploaded/ZNHUUXHXZS/XC469620-porpor_201904_23_24_yom_0130.mp3,22
23,Paint,None,true,,23
24,Text,None,true,,24
25,Sound,None,false,http://www.xeno-canto.org/sounds/uploaded/YTUXOCTUEM/XC414218-Columba_oenas-nom-FL%20X%20Hartely%20Woods%20UK%208May18%207.55am%20LS111620b.mp3,25
26,Paint,None,true,,26
27,Text,None,true,,27
28,Sound,None,false,http://www.xeno-canto.org/sounds/uploaded/NOJNUVZEHB/XC472506-huppe2.mp3,28
29,Paint,None,true,,29
30,Text,None,true,,30
31,Sound,None,false,http://www.xeno-canto.org/sounds/uploaded/MAXHGHGOYB/XC473573-fulemule%20%28online-audio-converter.com%29.mp3,31
32,Paint,None,true,,32
33,Text,None,true,,33
34,Sound,None,false,http://www.xeno-canto.org/sounds/uploaded/MCFGTDXKHO/XC465511-02_37XC.mp3,34
35,Paint,None,true,,35
36,Text,None,true,,36
37,Sound,None,false,http://www.xeno-canto.org/sounds/uploaded/SDPCHKOHRH/XC476897-Pinson%20des%20arbres%20cris%20de%20juv%20type%20moineau.mp3,37
38,Paint,None,true,,38
39,Text,None,true,,39
40,Sound,None,false,http://www.xeno-canto.org/sounds/uploaded/GYAUIPUVNM/XC472459-Anser%20anser_2019.04.17_18.53_01.mp3,40
41,Paint,None,true,,41
42,Text,None,true,,42
43,Sound,None,false,http://www.xeno-canto.org/sounds/uploaded/VCROLXMVLX/XC247615-asio_flammeus_honczarowska_biebrzanski_park_02.06.2015_2229.mp3,43
44,Paint,None,true,,44
45,Text,None,true,,45
46,Sound,None,false,http://www.xeno-canto.org/sounds/uploaded/YIQSVPAMDQ/XC406703-Gulirisk_0091.MP3,46
47,Paint,None,true,,47
48,Text,None,true,,48
49,Sound,None,false,http://www.xeno-canto.org/sounds/uploaded/SDPCHKOHRH/XC471735-2019-04-11%20Prunete%20Lucciana%20Marouette%20poussin%20une%20pseudo%20phrase%20de%20chant.mp3,49
50,Paint,None,true,,50
51,Text,None,true,,51
52,Sound,None,false,http://www.xeno-canto.org/sounds/uploaded/GNYVMVEMZX/XC476237-kibashiri_c_190523b_sub.mp3,52
53,Paint,None,true,,53
54,Text,None,true,,54
55,Sound,None,false,http://www.xeno-canto.org/sounds/uploaded/LELYWQKUZX/XC476371-Anthus%20cervinus%20190522_006%2C%20%D0%9C.%20%D0%A1%D0%B0%D1%80%D0%BA%D0%B0%2C%20%D0%BF%D0%BE%D0%BB%D0%B5%2C%20AAA%2C%20call.MP3,55
56,Paint,None,true,,56
57,Text,None,true,,57
58,Sound,None,false,http://www.xeno-canto.org/sounds/uploaded/LELYWQKUZX/XC430981-Tetrastes%20bonasia%200603_134409%2CA.MP3,58
59,Paint,None,true,,59
60,Text,None,true,,60
61,Sound,None,false,http://www.xeno-canto.org/sounds/uploaded/YTUXOCTUEM/XC450338-Galerida_cristata_somaliensis-FL%20ground%20c80km%20N%20of%20Marsabit%2017Nov18%208.15am%20LS112502a.mp3,61
62,Paint,None,true,,62
63,Text,None,true,,63
64,Sound,None,false,http://www.xeno-canto.org/sounds/uploaded/LQCZCYNEGU/XC371750-houtsnip_leusderhei1.mp3,64
65,Paint,None,true,,65
66,Text,None,true,,66
67,Sound,None,false,http://www.xeno-canto.org/sounds/uploaded/XAMHIHFTZG/XC331132-call4.mp3,67
68,Paint,None,true,,68
69,Text,None,true,,69
70,Sound,None,false,http://www.xeno-canto.org/sounds/uploaded/RNMRWBXEZJ/XC466159-Dodaars%2C%20flight%20call%2C%20190319%2C%200254%20uur.mp3,70
71,Paint,None,true,,71
72,Text,None,true,,72
73,Sound,None,false,http://www.xeno-canto.org/sounds/uploaded/SDPCHKOHRH/XC458930-Bruant%20zizi%20pose%20puis%20en%20vol%20type%201%202%203.mp3,73
74,Paint,None,true,,74
75,Text,None,true,,75
76,Sound,None,false,http://www.xeno-canto.org/sounds/uploaded/JPBSNBUUEF/XC406277-Eurasian%20Coot.mp3,76
77,Paint,None,true,,77
78,Text,None,true,,78
79,Sound,None,false,http://www.xeno-canto.org/sounds/uploaded/RLRHCUIPIY/XC467085-rudzik%20M%C4%85ko%C5%82owiec%20call.mp3,79
80,Paint,None,true,,80
81,Text,None,true,,81
82,Sound,None,false,http://www.xeno-canto.org/sounds/uploaded/VFMLXNQVNW/XC451122-LS102943_Notenkraker_subsong_Wageningen_20190112_1116.mp3,82
83,Paint,None,true,,83
84,Text,None,true,,84
85,Sound,None,false,http://www.xeno-canto.org/sounds/uploaded/HOJQQPSMXK/XC459281-190226_02_LP_0905_FB.mp3,85
86,Paint,None,true,,86
87,Text,None,true,,87
88,Sound,None,false,http://www.xeno-canto.org/sounds/uploaded/RNMRWBXEZJ/XC383387-Rouwmees%2C%20call%2C%20RH%2C%20050817%200926%20uur.mp3,88
89,Paint,None,true,,89
90,Text,None,true,,90
91,Sound,None,false,http://www.xeno-canto.org/sounds/uploaded/CVLRXNQXVL/XC470144-sylatr_20190416_allschwil_imitatesphopho.mp3,91
92,Paint,None,true,,92
93,Text,None,true,,93
94,Sound,None,false,http://www.xeno-canto.org/sounds/uploaded/WXEEFPSPJM/XC439075-180718_1051%20Vouille%CC%81%20BD%20jeune%20autour.mp3,94
95,Paint,None,true,,95
96,Text,None,true,,96
97,Sound,None,false,http://www.xeno-canto.org/sounds/uploaded/CJQNNUYOQE/XC469437-rc%2012%20Phylloscopus%20collybita%20edited.mp3,97
98,Paint,None,true,,98
99,Text,None,true,,99
100,Sound,None,false,http://www.xeno-canto.org/sounds/uploaded/LELYWQKUZX/XC340645-Tichodroma%20muraria%20161012_002-1%2C%D0%BB%D0%BE%D0%B2%2CC.MP3,100
101,Paint,None,true,,101
102,Text,None,true,,102
103,Sound,None,false,http://www.xeno-canto.org/sounds/uploaded/FNIOJOZADD/XC454315-GreatGreyShrike_India_123018_song.mp3,103
104,Paint,None,true,,104
105,Text,None,true,,105
106,Sound,None,false,http://www.xeno-canto.org/sounds/uploaded/LELYWQKUZX/XC430910-Cuculus%20canorus%200602_104538%2CA%20female.MP3,106
107,Paint,None,true,,107
108,Text,None,true,,108
109,Sound,None,false,http://www.xeno-canto.org/sounds/uploaded/TWAAJJHMEH/XC307305-Tern%20Whiskered_Vaalkop_151231_21_A.mp3,109
110,Paint,None,true,,110
111,Text,None,true,,111
112,Sound,None,false,http://www.xeno-canto.org/sounds/uploaded/LELYWQKUZX/XC370825-Netta%20rufina%20L-170414_002%2C%D0%9C%D0%B0%D0%BD%D1%8B%D1%87%2C%D1%82%D1%80%D0%BE%D1%81%D1%82%D0%BD%2C%D1%83%D1%82%D1%80%2C6.MP3,112
113,Paint,None,true,,113
114,Text,None,true,,114
115,Sound,None,false,http://www.xeno-canto.org/sounds/uploaded/QERMVZCPVV/XC473550-video-1557646678.mp3,115
116,Paint,None,true,,116
117,Text,None,true,,117
118,Sound,None,false,http://www.xeno-canto.org/sounds/uploaded/JPBSNBUUEF/XC416517-Red%20Kite.mp3,118
119,Paint,None,true,,119
120,Text,None,true,,120
121,Sound,None,false,http://www.xeno-canto.org/sounds/uploaded/SDPCHKOHRH/XC472022-2019-04-16%20MAccinagio%20Becassine%20des%20marais%20cris%20d%20envol.mp3,121
122,Paint,None,true,,122
123,Text,None,true,,123
124,Sound,None,false,http://www.xeno-canto.org/sounds/uploaded/XAMHIHFTZG/XC331085-call6.mp3,124
125,Paint,None,true,,125
126,Text,None,true,,126
127,Sound,None,false,http://www.xeno-canto.org/sounds/uploaded/RNMRWBXEZJ/XC469801-Cetti%27s%20Zanger%2C%20zang%2C%20Zuidstrang%2C%20290419%2C%200542%20uur.mp3,127
128,Paint,None,true,,128
129,Text,None,true,,129
130,Sound,None,false,http://www.xeno-canto.org/sounds/uploaded/RLRHCUIPIY/XC477344-dom%20dziwny.mp3,130
131,Paint,None,true,,131
132,Text,None,true,,132
133,Sound,None,false,http://www.xeno-canto.org/sounds/uploaded/GVYPKAYRMJ/XC432092-DM670224.MP3,133
134,Paint,None,true,,134
135,Text,None,true,,135
136,Sound,None,false,http://www.xeno-canto.org/sounds/uploaded/HSMUVFTOPF/XC475436-Coal%20Tit_North%20Sikkim_190315_1542.mp3,136
137,Paint,None,true,,137
138,Text,None,true,,138
139,Sound,None,false,http://www.xeno-canto.org/sounds/uploaded/WMOBQSLHWA/XC471481-Shoveler2.mp3,139
140,Paint,None,true,,140
141,Text,None,true,,141
142,Sound,None,false,http://www.xeno-canto.org/sounds/uploaded/LELYWQKUZX/XC432038-Bucephala%20clangula%20180527_001%2C%20%D1%80.%20%D0%9D%D0%B0%D0%BD%D0%BF%D1%91%D1%85%20%D0%B7%D0%B2%D1%83%D0%BA%2C%20%D0%BB%D0%BE%D0%B2%20%D1%81%D1%83%D1%82%D0%BA%D0%B8%2CA.MP3,142
143,Paint,None,true,,143
144,Text,None,true,,144
145,Sound,None,false,http://www.xeno-canto.org/sounds/uploaded/LELYWQKUZX/XC431093-Mergus%20serrator%20180604_013%2C%20B%20call.MP3,145
146,Paint,None,true,,146
147,Text,None,true,,147
148,Sound,None,false,http://www.xeno-canto.org/sounds/uploaded/MCFGTDXKHO/XC435523-180917_01_07_37m.mp3,148
149,Paint,None,true,,149
150,Text,None,true,,150
151,Sound,None,false,http://www.xeno-canto.org/sounds/uploaded/MKMYSJQLTB/XC469942-Pirol_190501_0093.mp3,151
152,Paint,None,true,,152
153,Text,None,true,,153
154,Sound,None,false,http://www.xeno-canto.org/sounds/uploaded/MMEJYLOPDO/XC424328-Skrattm%C3%A5s_03.mp3,154
155,Paint,None,true,,155
156,Text,None,true,,156
157,Sound,None,false,http://www.xeno-canto.org/sounds/uploaded/DREKKBLICT/XC426176-Grasshopper%20Warbler%20July%202018%20Meijendel%20VvdS.mp3,157
158,Paint,None,true,,158
159,Text,None,true,,159
160,Sound,None,false,http://www.xeno-canto.org/sounds/uploaded/OOECIWCSWV/XC299966-LS_50717%20Squacco%20Heron%20call%20A.mp3,160
161,Paint,None,true,,161
162,Text,None,true,,162
163,Sound,None,false,http://www.xeno-canto.org/sounds/uploaded/MMEJYLOPDO/XC440672-Storskrake_02.mp3,163
164,Paint,None,true,,164
165,Text,None,true,,165
166,Sound,None,false,http://www.xeno-canto.org/sounds/uploaded/RFGQDPLDEC/XC451138-Skj%C3%A6re%209%20XC%20H%C3%B8sbj%C3%B8r%20Elias%20A.%20Ryberg%2012.01.%202019%20%2013.21.06%20MIXPRE-274.mp3,166
167,Paint,None,true,,167
168,Text,None,true,,168
169,Sound,None,false,http://www.xeno-canto.org/sounds/uploaded/OTVUCEGYZN/XC477177-Kruisbek%20Ameland%20221013.mp3,169
170,Paint,None,true,,170
171,Text,None,true,,171
172,Sound,None,false,http://www.xeno-canto.org/sounds/uploaded/THHNKSHUMO/XC410418-358%20Milan%20noir%20Artiguelouve%2010%20avril%2018.mp3,172
173,Paint,None,true,,173
174,Text,None,true,,174
175,Sound,None,false,http://www.xeno-canto.org/sounds/uploaded/DTZLNOCPHK/XC464577-Chalons%20Bihoreau.mp3,175
176,Paint,None,true,,176
177,Text,None,true,,177
178,Sound,None,false,http://www.xeno-canto.org/sounds/uploaded/DREKKBLICT/XC432607-Draaihals%20alarm%20Meijendel%2029082018%20VvdS.mp3,178
179,Paint,None,true,,179
180,Text,None,true,,180
181,Sound,None,false,http://www.xeno-canto.org/sounds/uploaded/RNMRWBXEZJ/XC383815-Woudaap%2C%20alarmerend%2C%20RH%2C%20060817%200400%20uur.mp3,181
182,Paint,None,true,,182
183,Text,None,true,,183
184,Sound,None,false,http://www.xeno-canto.org/sounds/uploaded/NCKVRGEJTE/XC440000-DotterelsLS3IoSq29Sep18.mp3,184
185,Paint,None,true,,185
186,Text,None,true,,186
187,Sound,None,false,http://www.xeno-canto.org/sounds/uploaded/QIUOHGLLRX/XC473761-MVI_0489.mp3,187
188,Paint,None,true,,188
189,Text,None,true,,189
190,Sound,None,false,http://www.xeno-canto.org/sounds/uploaded/ZNCDXTUOFL/XC477331-kraska%20%283%29.mp3,190
191,Paint,None,true,,191
192,Text,None,true,,192
193,Sound,None,false,http://www.xeno-canto.org/sounds/uploaded/SDPCHKOHRH/XC474041-Tadorne%20de%20Belon%20cris%20de%20vol%20%2B.mp3,193
194,Paint,None,true,,194
195,Text,None,true,,195
196,Sound,None,false,http://www.xeno-canto.org/sounds/uploaded/CDTGHVBGZP/XC120884-Black-crested%20Tit-Tyrant2013-1-25-1.mp3,196
197,Paint,None,true,,197
198,Text,None,true,,198
199,Sound,None,false,http://www.xeno-canto.org/sounds/uploaded/YSDNMROVID/XC341267-218_circya_varoitus2_Suomi_Kinnula_2012-06-20.mp3,199
200,Paint,None,true,,200
201,Text,None,true,,201
202,Sound,None,false,http://www.xeno-canto.org/sounds/uploaded/JYPQCEFKAM/XC454200-190128-175416galinhaagua.mp3,202
203,Paint,None,true,,203
204,Text,None,true,,204
205,Sound,None,false,http://www.xeno-canto.org/sounds/uploaded/JPBSNBUUEF/XC372547-Northern%20Wheatear%2C%2027.05.%2C%20call.mp3,205
206,Paint,None,true,,206
207,Text,None,true,,207
208,Sound,None,false,,208
209,Paint,None,true,,209
210,Text,None,true,,210
211,Sound,None,false,http://www.xeno-canto.org/sounds/uploaded/LELYWQKUZX/XC365475-Glareola%20nordmanni%20170416_001%2C%D1%83%D1%82%D1%80%D0%BE%2CC.MP3,211
212,Paint,None,true,,212
213,Text,None,true,,213
214,Sound,None,false,http://www.xeno-canto.org/sounds/uploaded/NOJNUVZEHB/XC464270-Courlis%20cendr%C3%A9%20Auvers.mp3,214
215,Paint,None,true,,215
216,Text,None,true,,216
217,Sound,None,false,http://www.xeno-canto.org/sounds/uploaded/JPBSNBUUEF/XC382666-Common%20Tern%2009.08.%2C%20flight%20call%20ad.%2C%20Cdc%2C%20VD.mp3,217
218,Paint,None,true,,218
219,Text,None,true,,219
220,Sound,None,false,http://www.xeno-canto.org/sounds/uploaded/SDPCHKOHRH/XC447432-Grive%20draine%20cri%20de%20vol.mp3,220
221,Paint,None,true,,221
222,Text,None,true,,222
223,Sound,None,false,http://www.xeno-canto.org/sounds/uploaded/VCROLXMVLX/XC374830-aythya_fuligula_lewsze_podlaskie_09.06.2017_2108.mp3,223
224,Paint,None,true,,224
225,Text,None,true,,225
226,Sound,None,false,http://www.xeno-canto.org/sounds/uploaded/SDPCHKOHRH/XC462970-Pic%20cendre%202%20chants.mp3,226
227,Paint,None,true,,227
228,Text,None,true,,228
229,Sound,None,false,http://www.xeno-canto.org/sounds/uploaded/ASHRYAZILA/XC473716-caper%20call%20and%20song.mp3,229
230,Paint,None,true,,230
231,Text,None,true,,231
232,Sound,None,false,http://www.xeno-canto.org/sounds/uploaded/LELYWQKUZX/XC182529-Circus%20macrourus%200428_164114%2CA%2Cmale.MP3,232
233,Paint,None,true,,233
234,Text,None,true,,234
235,Sound,None,false,,235
236,Paint,None,true,,236
237,Text,None,true,,237
238,Sound,None,false,http://www.xeno-canto.org/sounds/uploaded/MMEJYLOPDO/XC467673-Spillkr%C3%A5ka_18.mp3,238
239,Paint,None,true,,239
240,Text,None,true,,240
241,Sound,None,false,http://www.xeno-canto.org/sounds/uploaded/OQZFKFTAKD/XC428978-DROSSELROHRS%C3%84NGER%2C%20Rufe%20als%20%C3%9Cbergang%20zum%20Gesang%20%20%20%204.05.2018%20%20Finning%2C%20M.W.%20%20%206_28VOC_180504-6051%20%20Ausschn.%201%20%20%20gek.%20%20g%C3%BClt..mp3,241
242,Paint,None,true,,242
243,Text,None,true,,243
244,Sound,None,false,http://www.xeno-canto.org/sounds/uploaded/RLRHCUIPIY/XC474491-szpak%20%C5%BCebranie%20m%C5%82odego.mp3,244
245,Paint,None,true,,245
246,Text,None,true,,246
247,Sound,None,false,http://www.xeno-canto.org/sounds/uploaded/PNYKOPBQBQ/XC454599-ANACRE010219-T013%20%282%29.mp3,247
248,Paint,None,true,,248
249,Text,None,true,,249
250,Sound,None,false,http://www.xeno-canto.org/sounds/uploaded/ZNCDXTUOFL/XC345697-Orlik_krzykliwy_Aquila_pomarina_Poland_Jarek_Matusiak_20160418_02_2.mp3,250
251,Paint,None,true,,251
252,Text,None,true,,252
253,Sound,None,false,http://www.xeno-canto.org/sounds/uploaded/SDPCHKOHRH/XC471822-2019-04-13%20Maccinagio%20Chardonneret%20elegant%20envol%20%2B.mp3,253
254,Paint,None,true,,254
255,Text,None,true,,255
256,Sound,None,false,http://www.xeno-canto.org/sounds/uploaded/DXYUSANLSN/XC433719-circus%20pygargus%2025%20mina%20de%20las%20cruces%2006-04-2017.mp3,256
257,Paint,None,true,,257
258,Text,None,true,,258
259,Sound,None,false,http://www.xeno-canto.org/sounds/uploaded/RNMRWBXEZJ/XC468673-Goudplevier%2C%20flight%20call%2C%20260219%2C%202204%20uur.mp3,259
260,Paint,None,true,,260
261,Text,None,true,,261
262,Sound,None,false,http://www.xeno-canto.org/sounds/uploaded/ROPPXDGZJF/XC448267-WS330117.mp3,262
263,Paint,None,true,,263
264,Text,None,true,,264
265,Sound,None,false,http://www.xeno-canto.org/sounds/uploaded/CGRIFXISGE/XC461980-CORONE-Pivoines-20190316-1204.mp3,265
266,Paint,None,true,,266
267,Text,None,true,,267
268,Sound,None,false,http://www.xeno-canto.org/sounds/uploaded/GYAUIPUVNM/XC428929-Ficedula%20hypoleuca_call_2017.09.09_15.11_01_Briteiros.mp3,268
269,Paint,None,true,,269
270,Text,None,true,,270
271,Sound,None,false,http://www.xeno-canto.org/sounds/uploaded/WNLIDKJKXT/XC464278-Otus%20scops%20female%2009_04_2018.mp3,271
272,Paint,None,true,,272
273,Text,None,true,,273
274,Sound,None,false,http://www.xeno-canto.org/sounds/uploaded/HRYIVDQHBC/XC428404-CommonKing_221017730AM.mp3,274
275,Paint,None,true,,275
276,Text,None,true,,276
277,Sound,None,false,http://www.xeno-canto.org/sounds/uploaded/XAMHIHFTZG/XC314863-call3.mp3,277
278,Paint,None,true,,278
279,Text,None,true,,279
280,Sound,None,false,http://www.xeno-canto.org/sounds/uploaded/RLRHCUIPIY/XC470861-jarz%C4%99batka%20alarm%20Polanica.mp3,280
281,Paint,None,true,,281
282,Text,None,true,,282
283,Sound,None,false,http://www.xeno-canto.org/sounds/uploaded/OOECIWCSWV/XC281489-368%206%20Snor%206%20Roep.mp3,283
284,Paint,None,true,,284
285,Text,None,true,,285
286,Sound,None,false,http://www.xeno-canto.org/sounds/uploaded/LELYWQKUZX/XC367950-Melanocorypha%20calandra%2C%200413_091331%2CAAA.MP3,286
287,Paint,None,true,,287
288,Text,None,true,,288
289,Sound,None,false,http://www.xeno-canto.org/sounds/uploaded/ZNCDXTUOFL/XC476607-kuropatwy%20%282%29.mp3,289
290,Paint,None,true,,290
291,Text,None,true,,291
292,Sound,None,false,http://www.xeno-canto.org/sounds/uploaded/SDPCHKOHRH/XC462386-PAS%20Rale%20d%20eau%20nocmig%202%20%2B%2B.mp3,292
293,Paint,None,true,,293
294,Text,None,true,,294
295,Sound,None,false,http://www.xeno-canto.org/sounds/uploaded/HMBDEWEZVS/XC440467-Mooibank%2027.10.2018.mp3,295
296,Paint,None,true,,296
297,Text,None,true,,297
298,Sound,None,false,,298
299,Paint,None,true,,299
300,Text,None,true,,300
301,Sound,None,false,http://www.xeno-canto.org/sounds/uploaded/OIRPLEZESB/XC447471-H%C3%A9rons%20c.mp3,301
302,Paint,None,true,,302
303,Text,None,true,,303
304,Sound,None,false,http://www.xeno-canto.org/sounds/uploaded/ZNCDXTUOFL/XC243593-Kazarka_rdzawa_Tadorna_ferruginea_Poland_Jarek_Matusiak_20150516_11ed.mp3,304
305,Paint,None,true,,305
306,Text,None,true,,306
307,Sound,None,false,http://www.xeno-canto.org/sounds/uploaded/YTUXOCTUEM/XC408645-Falco_peregrinus_anatum-FL%20flight%20Big%20Sur%20coast--Sea-lion%20Beach%2018May15%208.55am%20LS116478a.mp3,307
308,Paint,None,true,,308
309,Text,None,true,,309
310,Sound,None,false,http://www.xeno-canto.org/sounds/uploaded/MMEJYLOPDO/XC467244-S%C3%A5ngl%C3%A4rka_04.mp3,310
311,Paint,None,true,,311
312,Text,None,true,,312
313,Sound,None,false,http://www.xeno-canto.org/sounds/uploaded/ZAYRKGLCPE/XC447544-Na%CC%88ktergal%20najjs.mp3,313
314,Paint,None,true,,314
315,Text,None,true,,315
316,Sound,None,false,http://www.xeno-canto.org/sounds/uploaded/VKPKAFSATU/XC437464-Ringdrossel_Siebensteinkopf_CZ_180930_06.mp3,316
317,Paint,None,true,,317
318,Text,None,true,,318
319,Sound,None,false,http://www.xeno-canto.org/sounds/uploaded/ZNCDXTUOFL/XC392793-P%C5%82ochacz%20halny%20Prunella_collaris_Jarek_Matusiak_20170508_19.mp3,319
320,Paint,None,true,,320
321,Text,None,true,,321
322,Sound,None,false,http://www.xeno-canto.org/sounds/uploaded/UXGZWVYDFE/XC139100-2004062101%20Buteo%20lagopus%20A_F%20Deroussen.mp3,322
323,Paint,None,true,,323
324,Text,None,true,,324
325,Sound,None,false,http://www.xeno-canto.org/sounds/uploaded/SDPCHKOHRH/XC472071-2019-04-16%20MAccinagio%20Alouette%20calandrelle%20envol%202%20types%20de%20cris.mp3,325
326,Paint,None,true,,326
327,Text,None,true,,327
328,Sound,None,false,http://www.xeno-canto.org/sounds/uploaded/ZNCDXTUOFL/XC459727-uraw_Grus_grus_Poland_Jarek_Matusiak_024.mp3,328
329,Paint,None,true,,329
330,Text,None,true,,330
331,Sound,None,false,http://www.xeno-canto.org/sounds/uploaded/BPSDQEOJWG/XC448252--Gr%C3%B6ng%C3%B6ling-s%C3%A5ng-K%C3%A4lledalen%2C%20Fr%C3%B6storp%20Tibro%20Vg-%282017-05-03%2018.43%29-LS140676.mp3,331
332,Paint,None,true,,332
333,Text,None,true,,333
334,Sound,None,false,http://www.xeno-canto.org/sounds/uploaded/OOECIWCSWV/XC322883-LS_52140%20Greater%20Scaup%20flight%20call%20B.mp3,334
335,Paint,None,true,,335
336,Text,None,true,,336
337,Sound,None,false,http://www.xeno-canto.org/sounds/uploaded/EJIITXAJNY/XC445108-Appelvink%20181014%20Nolse%20duinen%20bis.mp3,337
338,Paint,None,true,,338
339,Text,None,true,,339
340,Sound,None,false,http://www.xeno-canto.org/sounds/uploaded/HMNMDPLOSM/XC433404-roerdomp2.mp3,340
341,Paint,None,true,,341
342,Text,None,true,,342
343,Sound,None,false,http://www.xeno-canto.org/sounds/uploaded/JYPQCEFKAM/XC454433-190130-144317gaivotaasaescura.mp3,343
344,Paint,None,true,,344
345,Text,None,true,,345
346,Sound,None,false,http://www.xeno-canto.org/sounds/uploaded/SDPCHKOHRH/XC423911-Hirondelle%20rousseline%20cris.mp3,346
347,Paint,None,true,,347
348,Text,None,true,,348
349,Sound,None,false,http://www.xeno-canto.org/sounds/uploaded/OOECIWCSWV/XC300350-LS_59697%20Olivaceous%20warbler%20call%20A.mp3,349
350,Paint,None,true,,350
351,Text,None,true,,351
352,Sound,None,false,http://www.xeno-canto.org/sounds/uploaded/GYAUIPUVNM/XC428217-Sylvia%20communis_song_2018.07.08_09.47_01_Santo%20Andr%C3%A9.mp3,352
353,Paint,None,true,,353
354,Text,None,true,,354
355,Sound,None,false,http://www.xeno-canto.org/sounds/uploaded/ILUHRFXDNU/XC475975-Roitelet%20triple%20bandeau%20song%20demoiselle%20may%2012%201138.mp3,355
356,Paint,None,true,,356
357,Text,None,true,,357
358,Sound,None,false,http://www.xeno-canto.org/sounds/uploaded/PNYKOPBQBQ/CGAL10h20m03s13aug2010.mp3,358
359,Paint,None,true,,359
360,Text,None,true,,360
361,Sound,None,false,http://www.xeno-canto.org/sounds/uploaded/JDRYGURKUC/XC470443-Coturnix%20coturnix%20%28Tenerife%29%20-%20Los%20Rodeos%20%28La%20Laguna%29.mp3,361
362,Paint,None,true,,362
363,Text,None,true,,363
364,Sound,None,false,http://www.xeno-canto.org/sounds/uploaded/JPBSNBUUEF/XC187986-Alpine%20Swift.mp3,364
365,Paint,None,true,,365
366,Text,None,true,,366
367,Sound,None,false,http://www.xeno-canto.org/sounds/uploaded/HVBWFBBDKO/XC467910-rondine%20montana_DR0000_3471.mp3,367
368,Paint,None,true,,368
369,Text,None,true,,369
370,Sound,None,false,http://www.xeno-canto.org/sounds/uploaded/JYPQCEFKAM/XC474511-190504-200647corujadomato.mp3,370
371,Paint,None,true,,371
372,Text,None,true,,372
373,Sound,None,false,http://www.xeno-canto.org/sounds/uploaded/CDTGHVBGZP/XC278381-Great%20White%20Pelican2014-12-27-1t.mp3,373
374,Paint,None,true,,374
375,Text,None,true,,375
376,Sound,None,false,http://www.xeno-canto.org/sounds/uploaded/MMEJYLOPDO/XC433679-rts%C3%A5ngare_05.mp3,376
377,Paint,None,true,,377
378,Text,None,true,,378
379,Sound,None,false,http://www.xeno-canto.org/sounds/uploaded/SDPCHKOHRH/XC422561-Rousserolle%20verderolle%20chant%203.mp3,379
380,Paint,None,true,,380
381,Text,None,true,,381
382,Sound,None,false,http://www.xeno-canto.org/sounds/uploaded/ZNCDXTUOFL/XC285370-wiergotek_polny_Anthus_campestris_Poland_Jarek_Matusiak_20150618_06.mp3,382
383,Paint,None,true,,383
384,Text,None,true,,384
385,Sound,None,false,http://www.xeno-canto.org/sounds/uploaded/PKWMZIRVUO/veldrietzangerroepLakeBilikol-4-05-2009-LS100449.mp3,385
386,Paint,None,true,,386
387,Text,None,true,,387
388,Sound,None,false,http://www.xeno-canto.org/sounds/uploaded/GYAUIPUVNM/XC461896-2019.02.18_08.55_01.mp3,388
389,Paint,None,true,,389
390,Text,None,true,,390
391,Sound,None,false,http://www.xeno-canto.org/sounds/uploaded/CVLRXNQXVL/XC471321-Hausrotschwanz%20Rotbauch%20Satteins%20%202019-05-07%20%283a%29%20bearbeitet%20highpass2000.mp3,391
392,Paint,None,true,,392
393,Text,None,true,,393
394,Sound,None,false,http://www.xeno-canto.org/sounds/uploaded/AYKHDFBYIH/XC447523-Goldcrest%20singing%20very%20good%202016%2004%2030%20Holland%20Park_1027_short.mp3,394
395,Paint,None,true,,395
396,Text,None,true,,396
397,Sound,None,false,http://www.xeno-canto.org/sounds/uploaded/SDPCHKOHRH/XC462607-Moineau%20friquet%20cris%20de%20vol%20%2B.mp3,397
398,Paint,None,true,,398
399,Text,None,true,,399
400,Sound,None,false,http://www.xeno-canto.org/sounds/uploaded/KZRPVQHUXN/XC343485-White%20Stork.mp3,400
401,Paint,None,true,,401
402,Text,None,true,,402
403,Sound,None,false,http://www.xeno-canto.org/sounds/uploaded/MMEJYLOPDO/XC434118-Gr%C3%B6nsiska_05.mp3,403
404,Paint,None,true,,404
405,Text,None,true,,405
406,Sound,None,false,http://www.xeno-canto.org/sounds/uploaded/SDPCHKOHRH/XC385928-combattant%20varie%20vol%20u.mp3,406
407,Paint,None,true,,407
408,Text,None,true,,408
409,Sound,None,false,http://www.xeno-canto.org/sounds/uploaded/SDPCHKOHRH/XC462141-Grive%20litorne%20cris%20de%20vol%20%2B%20sature.mp3,409
410,Paint,None,true,,410
411,Text,None,true,,411
412,Sound,None,false,http://www.xeno-canto.org/sounds/uploaded/MMEJYLOPDO/XC423395-Mindre%20strandpipare_02.mp3,412
413,Paint,None,true,,413
414,Text,None,true,,414
415,Sound,None,false,http://www.xeno-canto.org/sounds/uploaded/RJNSQXBIJE/XC425959-1.3%20Numenius%20phaeopus%20XC.MP3,415
416,Paint,None,true,,416
417,Text,None,true,,417
418,Sound,None,false,http://www.xeno-canto.org/sounds/uploaded/JYPQCEFKAM/XC467793-190416-192635verdilhao.mp3,418
419,Paint,None,true,,419
420,Text,None,true,,420
421,Sound,None,false,http://www.xeno-canto.org/sounds/uploaded/FVNPWGEQCT/XC445707-GWFG_elgasi_12-6-18_ColusaWR_COL_1207.mp3,421
422,Paint,None,true,,422
423,Text,None,true,,423
424,Sound,None,false,http://www.xeno-canto.org/sounds/uploaded/LELYWQKUZX/XC270361-Falco%20vespertinus%20150624_026%2CB.MP3,424
425,Paint,None,true,,425
426,Text,None,true,,426
427,Sound,None,false,http://www.xeno-canto.org/sounds/uploaded/LQCZCYNEGU/XC372132-kleinst_waterhoen_waverhoek2b.mp3,427
428,Paint,None,true,,428
429,Text,None,true,,429
430,Sound,None,false,http://www.xeno-canto.org/sounds/uploaded/GYAUIPUVNM/XC465944-Columba%20palumbus_2018.06.18_09.21_01.mp3,430
431,Paint,None,true,,431
432,Text,None,true,,432
433,Sound,None,false,http://www.xeno-canto.org/sounds/uploaded/SDPCHKOHRH/XC378672-crecerellette%20male%20cris%20pose.mp3,433
434,Paint,None,true,,434
435,Text,None,true,,435
436,Sound,None,false,http://www.xeno-canto.org/sounds/uploaded/CDPSJSQTQZ/XC439724-Karmingimpel%20%20180511%20Dahmesh.mp3,436
437,Paint,None,true,,437
438,Text,None,true,,438
439,Sound,None,false,http://www.xeno-canto.org/sounds/uploaded/LCSITXRCXL/XC443568-House%20martin%20call.mp3,439
440,Paint,None,true,,440
441,Text,None,true,,441
442,Sound,None,false,http://www.xeno-canto.org/sounds/uploaded/EDRTTPSCEN/XC281451-pernis%20apivorus%20150904013.mp3,442
443,Paint,None,true,,443
444,Text,None,true,,444
445,Sound,None,false,http://www.xeno-canto.org/sounds/uploaded/URREFGVMYF/XC422272-180625_0766-ampl-noise-red-cut.mp3,445
446,Paint,None,true,,446
447,Text,None,true,,447
448,Sound,None,false,http://www.xeno-canto.org/sounds/uploaded/LELYWQKUZX/XC185091-Calidris%20minuta%20140508_038%2CAA4%2B.MP3,448
449,Paint,None,true,,449
450,Text,None,true,,450
451,Sound,None,false,http://www.xeno-canto.org/sounds/uploaded/GVVNEJJEGA/XC371871-MERL_2017-04-28_Forestvale_Cemetery_Helena_MT_1731%282%29.mp3,451
452,Paint,None,true,,452
453,Text,None,true,,453
454,Sound,None,false,http://www.xeno-canto.org/sounds/uploaded/OTVUCEGYZN/XC476971-boomklever%20zang%202%20NHD%20130314.mp3,454
455,Paint,None,true,,455
456,Text,None,true,,456
457,Sound,None,false,http://www.xeno-canto.org/sounds/uploaded/GYAUIPUVNM/XC419544-Buteo%20buteo_call_2016.03.24.mp3,457
458,Paint,None,true,,458
459,Text,None,true,,459
460,Sound,None,false,http://www.xeno-canto.org/sounds/uploaded/MKMYSJQLTB/XC474434-Waldohreule_Balz_190513_0103.mp3,460
461,Paint,None,true,,461
462,Text,None,true,,462
463,Sound,None,false,http://www.xeno-canto.org/sounds/uploaded/XAMHIHFTZG/XC314853-call4.mp3,463
464,Paint,None,true,,464
465,Text,None,true,,465
466,Sound,None,false,http://www.xeno-canto.org/sounds/uploaded/JPBSNBUUEF/XC416250-Bonelli.mp3,466
467,Paint,None,true,,467
468,Text,None,true,,468
469,Sound,None,false,http://www.xeno-canto.org/sounds/uploaded/OOECIWCSWV/XC475494-LS102489%20Kluut%20call%20flight%20A.mp3,469
470,Paint,None,true,,470
471,Text,None,true,,471
472,Sound,None,false,http://www.xeno-canto.org/sounds/uploaded/AYKHDFBYIH/XC447370-Water%20Pipit%20call%20good%202018%2001%2012%20Rainham%20Marshes%20RSPB_173_short.mp3,472
473,Paint,None,true,,473
474,Text,None,true,,474
475,Sound,None,false,http://www.xeno-canto.org/sounds/uploaded/AYKHDFBYIH/XC432138-Bee-eater%20call%20very%20good%202018%2008%2024%20Xabia%2C%20Spain_684_cropped.mp3,475
476,Paint,None,true,,476
477,Text,None,true,,477
478,Sound,None,false,http://www.xeno-canto.org/sounds/uploaded/SDPCHKOHRH/XC417660-ibis%20falcinelle%20cris%20au%20nid.mp3,478
479,Paint,None,true,,479
480,Text,None,true,,480
481,Sound,None,false,http://www.xeno-canto.org/sounds/uploaded/RLRHCUIPIY/XC473567-krzy%C5%BC%C3%B3wka%20call%20Suble.mp3,481
482,Paint,None,true,,482
483,Text,None,true,,483
484,Sound,None,false,http://www.xeno-canto.org/sounds/uploaded/DXYUSANLSN/XC338808-himantopus%20himantopus%2023%20salinas%20de%20bonanza%2007-08-2016.mp3,484
485,Paint,None,true,,485
486,Text,None,true,,486
487,Sound,None,false,http://www.xeno-canto.org/sounds/uploaded/DXYUSANLSN/XC333848-platalea%20leucorodia%204%20salinas%20de%20bonanza%2018-06-2016.mp3,487
488,Paint,None,true,,488
489,Text,None,true,,489
490,Sound,None,false,http://www.xeno-canto.org/sounds/uploaded/ZNCDXTUOFL/XC240243-150505_26%20%282%29.mp3,490
491,Paint,None,true,,491
492,Text,None,true,,492
493,Sound,None,false,http://www.xeno-canto.org/sounds/uploaded/GINFPHXOLL/XC477119-tureluur%2023-5-2019%2023h00.mp3,493
494,Paint,None,true,,494
495,Text,None,true,,495
496,Sound,None,false,http://www.xeno-canto.org/sounds/uploaded/ISAHXGIBUK/XC472374-PRmin%20dosolo%2010%20may%2019%20%28online-audio-converter.com%29.mp3,496
497,Paint,None,true,,497
498,Text,None,true,,498
499,Sound,None,false,http://www.xeno-canto.org/sounds/uploaded/YTUXOCTUEM/XC468777-Phoenicurus_phoenicurus_nom-FL%20X%20songTerelj%209Jun17%206.10am%20LS112286a.mp3,499
500,Paint,None,true,,500
501,Text,None,true,,501
502,Sound,None,false,http://www.xeno-canto.org/sounds/uploaded/MMEJYLOPDO/XC448551-Havs%C3%B6rn_05.mp3,502
503,Paint,None,true,,503
504,Text,None,true,,504
505,Sound,None,false,http://www.xeno-canto.org/sounds/uploaded/SDPCHKOHRH/XC418288-Pie%20grieche%20a%20tete%20rousse%20cris%20d%20excitation%203.mp3,505
506,Paint,None,true,,506
507,Text,None,true,,507
508,Sound,None,false,http://www.xeno-canto.org/sounds/uploaded/QAJPWEPSTL/XC470409-kolk0543.mp3,508
509,Paint,None,true,,509
510,Text,None,true,,510
511,Sound,None,false,http://www.xeno-canto.org/sounds/uploaded/INCBVJJLBJ/XC465453-Default%20Project.mp3,511
512,Paint,None,true,,512
513,Text,None,true,,513
514,Sound,None,false,http://www.xeno-canto.org/sounds/uploaded/PNAUXLTARQ/XC440447-Bergl%C3%A4rkaBus%C3%B6rkort.mp3,514
515,Paint,None,true,,515
516,Text,None,true,,516
517,Sound,None,false,http://www.xeno-canto.org/sounds/uploaded/YTUXOCTUEM/XC429513-Tringa_stagnatilis-FL%20calls%20LakeManyaraNP%2031Oct17%2010.22am%20LS113728b.mp3,517
518,Paint,None,true,,518
519,Text,None,true,,519
520,Sound,None,false,http://www.xeno-canto.org/sounds/uploaded/MMEJYLOPDO/XC414885-Slaguggla_10.mp3,520
521,Paint,None,true,,521
522,Text,None,true,,522
523,Sound,None,false,http://www.xeno-canto.org/sounds/uploaded/YNCBADHITP/XC414618-2018-03-27_0153_Flussregenpfeifer-Rufe_id2958908_1575_r5_xeno-canto.mp3,523
524,Paint,None,true,,524
525,Text,None,true,,525
526,Sound,None,false,http://www.xeno-canto.org/sounds/uploaded/LELYWQKUZX/XC184905-Vanellus%20leucurus%200508_081510%2CAA%2B.MP3,526
527,Paint,None,true,,527
528,Text,None,true,,528
529,Sound,None,false,http://www.xeno-canto.org/sounds/uploaded/ZNCDXTUOFL/XC401998-Pluszcz%20podlot%20cinclus_cinclus_Poland_Jarek_Matusiak20170628_03.mp3,529
530,Paint,None,true,,530
531,Text,None,true,,531
532,Sound,None,false,http://www.xeno-canto.org/sounds/uploaded/BPSDQEOJWG/XC449729--Sk%C3%A4ggmes-lockl%C3%A4te-T%C3%A5kern%20%C3%96g-%282018-02-24%2011.08%29-LS142755.mp3,532
533,Paint,None,true,,533
534,Text,None,true,,534
535,Sound,None,false,http://www.xeno-canto.org/sounds/uploaded/YSDNMROVID/XC348015-761_ficalb_varoitus2_Puola_Bialowieza_2011-05-21.mp3,535
536,Paint,None,true,,536
537,Text,None,true,,537
538,Sound,None,false,http://www.xeno-canto.org/sounds/uploaded/MMEJYLOPDO/XC430548-Tornfalk_03.mp3,538
539,Paint,None,true,,539
540,Text,None,true,,540
541,Sound,None,false,http://www.xeno-canto.org/sounds/uploaded/SDPCHKOHRH/XC471906-2019-04-14%20Barcaggio%20Fuligule%20nyroca%20cris%20de%20vol%20%2B.mp3,541
542,Paint,None,true,,542
543,Text,None,true,,543
544,Sound,None,false,http://www.xeno-canto.org/sounds/uploaded/PJVICFDZGZ/XC375157-170519_1006%201000%20Eittinger%20Weiher_Cisne%20aborted%20take%20off.mp3,544
545,Paint,None,true,,545
546,Text,None,true,,546
547,Sound,None,false,http://www.xeno-canto.org/sounds/uploaded/GYAUIPUVNM/XC461532-2019.03.12_11.42_01.mp3,547
548,Paint,None,true,,548
549,Text,None,true,,549
550,Sound,None,false,http://www.xeno-canto.org/sounds/uploaded/XAMHIHFTZG/XC331077-call1.mp3,550
551,Paint,None,true,,551
552,Text,None,true,,552
553,Sound,None,false,http://www.xeno-canto.org/sounds/uploaded/OOECIWCSWV/XC398140-LS106944%20Spotted%20Flycatcher%20call%20B.mp3,553
554,Paint,None,true,,554
555,Text,None,true,,555
556,Sound,None,false,http://www.xeno-canto.org/sounds/uploaded/YSDNMROVID/XC340678-76_tetrix_koirassoidin2_Suomi_Pet%C3%A4j%C3%A4vesi_2010-04-14.mp3,556
557,Paint,None,true,,557
558,Text,None,true,,558
559,Sound,None,false,http://www.xeno-canto.org/sounds/uploaded/SDPCHKOHRH/XC476818-Chouette%20effraie%20cris%20de%20vol.mp3,559
560,Paint,None,true,,560
561,Text,None,true,,561
562,Sound,None,false,http://www.xeno-canto.org/sounds/uploaded/KIFILMEEEO/XC380333-Limosa_limosa_islandica_flight_Aftanes_iceland_170701_Rotschenkel_Regebrachvogel_Bekassine.mp3,562
563,Paint,None,true,,563
564,Text,None,true,,564
565,Sound,None,false,http://www.xeno-canto.org/sounds/uploaded/SDPCHKOHRH/XC432788-2018-08-16%20Stokkseyri%20-%20Bingvellir%20180816%20cygne%20chanteur%20divers%20cris.mp3,565
566,Paint,None,true,,566
567,Text,None,true,,567
568,Sound,None,false,http://www.xeno-canto.org/sounds/uploaded/BPSDQEOJWG/XC448659--Sv%C3%A4rta-spel-R%C3%B6der%20-%282017-05-21%2004.27%29-LS140814.mp3,568
569,Paint,None,true,,569
570,Text,None,true,,570
571,Sound,None,false,http://www.xeno-canto.org/sounds/uploaded/POVKNQVSGU/XC458429-Phalacrocorax%20carbo_agressive%20call_23_02_19_Alb%20Sta%20Ma%20Aguiar%20%28online-audio-converter.com%29.mp3,571
572,Paint,None,true,,572
573,Text,None,true,,573
574,Sound,None,false,http://www.xeno-canto.org/sounds/uploaded/KTBTZAHSXF/65_Oenanthe_pleschanka_al02D83.mp3,574
575,Paint,None,true,,575
576,Text,None,true,,576
577,Sound,None,false,http://www.xeno-canto.org/sounds/uploaded/OOECIWCSWV/XC472589-LS101429%20Purple%20Heron%20call%20take%20off%20A.mp3,577
578,Paint,None,true,,578
579,Text,None,true,,579
580,Sound,None,false,http://www.xeno-canto.org/sounds/uploaded/EHGWCIGILC/XC309239-mystery-raptor-call-sdn16.mp3,580
581,Paint,None,true,,581
582,Text,None,true,,582
583,Sound,None,false,http://www.xeno-canto.org/sounds/uploaded/LQCZCYNEGU/XC381919-roodhalsfuut_wijkbijduurstede1.mp3,583
584,Paint,None,true,,584
585,Text,None,true,,585
586,Sound,None,false,http://www.xeno-canto.org/sounds/uploaded/NOJNUVZEHB/XC465809-m%C3%A9lano.mp3,586
587,Paint,None,true,,587
588,Text,None,true,,588
589,Sound,None,false,http://www.xeno-canto.org/sounds/uploaded/LELYWQKUZX/XC367962-Larus%20cachinnans%2C%20170414_001%2CB.MP3,589
590,Paint,None,true,,590
591,Text,None,true,,591
592,Sound,None,false,http://www.xeno-canto.org/sounds/uploaded/TGUWKTCSXZ/XC139682-IMG_6082_RPOedits.mp3,592
593,Paint,None,true,,593
594,Text,None,true,,594
595,Sound,None,false,http://www.xeno-canto.org/sounds/uploaded/DZNFYGHXAG/XC463425-Emberiza-Cia.mp3,595
596,Paint,None,true,,596
597,Text,None,true,,597
598,Sound,None,false,http://www.xeno-canto.org/sounds/uploaded/KTBTZAHSXF/XC394974-170708_006%20Capeur%20Velskola.mp3,598
599,Paint,None,true,,599
600,Text,None,true,,600
601,Sound,None,false,http://www.xeno-canto.org/sounds/uploaded/YTUXOCTUEM/XC414253-Oenanthe_isabellina-FL%20song%20Ogii%20Lake%203Jun17%207.01am%20LS112105a.mp3,601
602,Paint,None,true,,602
603,Text,None,true,,603
604,Sound,None,false,http://www.xeno-canto.org/sounds/uploaded/SDPCHKOHRH/XC471870-2019-04-13%20Maccinagio%20Mesange%20charbonniere%20trilles%20ping-ping-ping%20en%20vol%20%2B.mp3,604
605,Paint,None,true,,605
606,Text,None,true,,606
607,Sound,None,false,http://www.xeno-canto.org/sounds/uploaded/LELYWQKUZX/XC317362-Podiceps%20nigricollis%200506_092036%2CC.MP3,607
608,Paint,None,true,,608
609,Text,None,true,,609
610,Sound,None,false,http://www.xeno-canto.org/sounds/uploaded/SDPCHKOHRH/XC412762-canard%20chipeau%20envol.mp3,610
611,Paint,None,true,,611
612,Text,None,true,,612
613,Sound,None,false,http://www.xeno-canto.org/sounds/uploaded/SNRCANJSRX/XC459874-Saxicola%20rubetra%20M%20song%20%C3%85varp%20150613%20c.mp3,613
614,Paint,None,true,,614
615,Text,None,true,,615
616,Sound,None,false,http://www.xeno-canto.org/sounds/uploaded/EJIITXAJNY/XC445328-Tuinfluiter%20180428%20Maatjes.mp3,616
617,Paint,None,true,,617
618,Text,None,true,,618
619,Sound,None,false,http://www.xeno-canto.org/sounds/uploaded/BLMSIUFTFU/XC425835-180627_0738_dz.tr%C3%B3jpalcz-pull.mp3,619
620,Paint,None,true,,620
621,Text,None,true,,621
622,Sound,None,false,http://www.xeno-canto.org/sounds/uploaded/MCFGTDXKHO/XC457196-190218_01gi.mp3,622
623,Paint,None,true,,623
624,Text,None,true,,624
625,Sound,None,false,http://www.xeno-canto.org/sounds/uploaded/APBCHAOWEG/XC411948-ZOOM0023-KARAKULAKLI%20KUYRUKKAKAN.mp3,625
626,Paint,None,true,,626
627,Text,None,true,,627
628,Sound,None,false,http://www.xeno-canto.org/sounds/uploaded/HSDXZXXJYF/XC435279-BIF2176-1_PFR02222_2-11_080803_BIO_wwagt-alba-1CY-FC_d_st_geiselt_REF-S_B.mp3,628
629,Paint,None,true,,629
630,Text,None,true,,630
631,Sound,None,false,http://www.xeno-canto.org/sounds/uploaded/SDPCHKOHRH/XC476953-Pouillot%20siffleur%20cris%20%2B.mp3,631
632,Paint,None,true,,632
633,Text,None,true,,633
634,Sound,None,false,http://www.xeno-canto.org/sounds/uploaded/HNYFHZLJOD/XC475885-190521-SW.mp3,634
635,Paint,None,true,,635
636,Text,None,true,,636
637,Sound,None,false,http://www.xeno-canto.org/sounds/uploaded/XAMHIHFTZG/XC405959-call11.mp3,637
638,Paint,None,true,,638
639,Text,None,true,,639
640,Sound,None,false,http://www.xeno-canto.org/sounds/uploaded/YTUXOCTUEM/XC414435-Falco_cherrug_%28%29-FL%20calls%20Yoliim%20An%2026May16%2011.59pm%20%20LS111728c.mp3,640
641,Paint,None,true,,641
642,Text,None,true,,642
643,Sound,None,false,http://www.xeno-canto.org/sounds/uploaded/ZNCDXTUOFL/XC181194-Ciconia_nigra_Poland_Jarek_Matusiak_140417_01.mp3,643
644,Paint,None,true,,644
645,Text,None,true,,645
646,Sound,None,false,http://www.xeno-canto.org/sounds/uploaded/LTGBHYOAIN/XC333371-blotniak%20juv.mp3,646
647,Paint,None,true,,647
648,Text,None,true,,648
649,Sound,None,false,http://www.xeno-canto.org/sounds/uploaded/RNMRWBXEZJ/XC431980-Steenuil%2C%20call%2C%20Rio%20Guadiamar%2C%20040818%2C%200916%20uur.mp3,649
650,Paint,None,true,,650
651,Text,None,true,,651
652,Sound,None,false,http://www.xeno-canto.org/sounds/uploaded/LELYWQKUZX/XC449640-Aquila%20heliaca%20190103_018%2CA%2B%20juv.MP3,652
653,Paint,None,true,,653
654,Text,None,true,,654
655,Sound,None,false,http://www.xeno-canto.org/sounds/uploaded/HNYFHZLJOD/XC476531-190524-Dunlin.mp3,655
656,Paint,None,true,,656
657,Text,None,true,,657
658,Sound,None,false,http://www.xeno-canto.org/sounds/uploaded/MMEJYLOPDO/XC417392-Tofsvipa_1.mp3,658
659,Paint,None,true,,659
660,Text,None,true,,660
661,Sound,None,false,http://www.xeno-canto.org/sounds/uploaded/YSDNMROVID/XC342985-415_hydcas_kr%C3%A4k-varoitus_Suomi_Uusikaupunki_2011-06-17.mp3,661
662,Paint,None,true,,662
663,Text,None,true,,663
664,Sound,None,false,http://www.xeno-canto.org/sounds/uploaded/YPDXKAZUZN/XC413272-Sterne%20caugek%20cri%20vol%2001052018%20-%20Hyeres.mp3,664
665,Paint,None,true,,665
666,Text,None,true,,666
667,Sound,None,false,http://www.xeno-canto.org/sounds/uploaded/BLMSIUFTFU/XC410231-180409_0295_GP-kop.mp3,667
668,Paint,None,true,,668
669,Text,None,true,,669
670,Sound,None,false,http://www.xeno-canto.org/sounds/uploaded/ZNCDXTUOFL/XC210456-Dendrocopos_syriacus_x_major_f_Poland_Jarek_Matusiak_20150116_37.mp3,670
671,Paint,None,true,,671
672,Text,None,true,,672
673,Sound,None,false,http://www.xeno-canto.org/sounds/uploaded/MMEJYLOPDO/XC473226-Sk%C3%A4ggdopping_02.mp3,673
674,Paint,None,true,,674
675,Text,None,true,,675
676,Sound,None,false,http://www.xeno-canto.org/sounds/uploaded/PJVICFDZGZ/XC459151-190204_0047%201730%20Az%20Ervedal%202%20Longtail%20tit%20SNSL.mp3,676
677,Paint,None,true,,677
678,Text,None,true,,678
679,Sound,None,false,http://www.xeno-canto.org/sounds/uploaded/SDPCHKOHRH/XC376925-martinet%20pale%20cris%20%283%29.mp3,679
680,Paint,None,true,,680
681,Text,None,true,,681
682,Sound,None,false,http://www.xeno-canto.org/sounds/uploaded/UMZTTEXDFM/XC423371-flods.mp3,682
683,Paint,None,true,,683
684,Text,None,true,,684
685,Sound,None,false,http://www.xeno-canto.org/sounds/uploaded/BPSDQEOJWG/XC449649--Sidensvans-lockl%C3%A4te-K%C3%A4lledalen%20Fr%C3%B6storp%2C%20Tibro%20Vg-%282018-03-03%2016.55%29-LS142759.mp3,685
686,Paint,None,true,,686
687,Text,None,true,,687
688,Sound,None,false,http://www.xeno-canto.org/sounds/uploaded/YSDNMROVID/XC343806-540_denleu_poikasten-kerjuu2_Suomi_Parikkala_2008-05-26.mp3,688
689,Paint,None,true,,689
690,Text,None,true,,690
691,Sound,None,false,http://www.xeno-canto.org/sounds/uploaded/GELAPBFFDU/XC188464-Hobby.mp3,691
692,Paint,None,true,,692
693,Text,None,true,,693
694,Sound,None,false,http://www.xeno-canto.org/sounds/uploaded/CVLRXNQXVL/XC461838-embsch_20190303_m_call%26flightcall.mp3,694
695,Paint,None,true,,695
696,Text,None,true,,696
697,Sound,None,false,http://www.xeno-canto.org/sounds/uploaded/IGFROYWVEW/XC462959-erismature2.mp3,697
698,Paint,None,true,,698
699,Text,None,true,,699
700,Sound,None,false,http://www.xeno-canto.org/sounds/uploaded/GYAUIPUVNM/XC477416-Streptopelia%20turtur_song_2019.05.17_08.55_01.mp3,700
701,Paint,None,true,,701
702,Text,None,true,,702
703,Sound,None,false,http://www.xeno-canto.org/sounds/uploaded/OYXLQBTHRH/XC336055-160409-191944_Cyanistes%20teneriffae%20teneriffae_R.mp3,703
704,Paint,None,true,,704
705,Text,None,true,,705
706,Sound,None,false,http://www.xeno-canto.org/sounds/uploaded/ZNCDXTUOFL/XC190732-Anas_querquedula_Poland_Jarek_Matusiak_20140413_32.mp3,706
707,Paint,None,true,,707
708,Text,None,true,,708
709,Sound,None,false,http://www.xeno-canto.org/sounds/uploaded/JPBSNBUUEF/XC411480-Middle%20Spotted%20Woodpecker%2C%20song%2C%2002.04.%2C%20NE.mp3,709
710,Paint,None,true,,710
711,Text,None,true,,711
712,Sound,None,false,http://www.xeno-canto.org/sounds/uploaded/LELYWQKUZX/XC266784-Anas%20acuta%20150507_036%2C%20female%20male.MP3,712
713,Paint,None,true,,713
714,Text,None,true,,714
715,Sound,None,false,http://www.xeno-canto.org/sounds/uploaded/LXKLWEDKEM/XC462840-Garca%20branca%20grande%20%28Ardea%20alba-OK%29%2014-3-2019%209e47.mp3,715
716,Paint,None,true,,716
717,Text,None,true,,717
718,Sound,None,false,http://www.xeno-canto.org/sounds/uploaded/DXYUSANLSN/XC433751-hieraaetus%20pennatus%20castillo%20de%20las%20guardas%2006-04-2017.mp3,718
719,Paint,None,true,,719
720,Text,None,true,,720
721,Sound,None,false,http://www.xeno-canto.org/sounds/uploaded/ZNHUUXHXZS/XC468590-haeost_201904_20_24_klo_0115.mp3,721
722,Paint,None,true,,722
723,Text,None,true,,723
724,Sound,None,false,http://www.xeno-canto.org/sounds/uploaded/ZNHUUXHXZS/XC475872-turphi_201905_17_18_2306.mp3,724
725,Paint,None,true,,725
726,Text,None,true,,726
727,Sound,None,false,http://www.xeno-canto.org/sounds/uploaded/YTUXOCTUEM/XC429492-Glareola_pratincola-FL%20flight%20LakeManyaraNP%2031Oct17%209.21am%20LS113721a.mp3,727
728,Paint,None,true,,728
729,Text,None,true,,729
730,Sound,None,false,http://www.xeno-canto.org/sounds/uploaded/SDPCHKOHRH/XC471573-2019-04-06%20Maccinaghio%20-%20Barcaghio%20Chevalier%20culblanc%20cris%20de%20vol%20%2B.mp3,730
731,Paint,None,true,,731
732,Text,None,true,,732
733,Sound,None,false,http://www.xeno-canto.org/sounds/uploaded/FSCGENVPXK/XC144699-OSPREY%20in%20flight%20Sears%20Island%20ME%2007152013.mp3,733
734,Paint,None,true,,734
735,Text,None,true,,735
736,Sound,None,false,http://www.xeno-canto.org/sounds/uploaded/GPXJQQOAML/XC463247-uboga_song_1.mp3,736
737,Paint,None,true,,737
738,Text,None,true,,738
739,Sound,None,false,http://www.xeno-canto.org/sounds/uploaded/QAJPWEPSTL/XC476442-zwerg0621.mp3,739
740,Paint,None,true,,740
741,Text,None,true,,741
742,Sound,None,false,http://www.xeno-canto.org/sounds/uploaded/MLVNFGNTVQ/XC438804-70881.mp3,742
743,Paint,None,true,,743
744,Text,None,true,,744
745,Sound,None,false,http://www.xeno-canto.org/sounds/uploaded/XAMHIHFTZG/XC331137-call1.mp3,745
746,Paint,None,true,,746
747,Text,None,true,,747
748,Sound,None,false,http://www.xeno-canto.org/sounds/uploaded/XAMHIHFTZG/XC296247-topino5.mp3,748
749,Paint,None,true,,749
750,Text,None,true,,750
751,Sound,None,false,http://www.xeno-canto.org/sounds/uploaded/RLRHCUIPIY/XC476994-wr%C3%B3bel%202%20dom.mp3,751
752,Paint,None,true,,752
753,Text,None,true,,753
754,Sound,None,false,http://www.xeno-canto.org/sounds/uploaded/RFTXRYBVBX/XC196081-Cattle%20Egret%20large%20baby%20arguing%20with%20Anhinga%20-FL%2C%20Wakodahatchee%20Wetlands%2C%20July%2006%2C%202014%2C%200115%20PM.mp3,754
755,Paint,None,true,,755
756,Text,None,true,,756
757,Sound,None,false,http://www.xeno-canto.org/sounds/uploaded/FWAVTDTPIQ/XC143001-Accipiter%20brevi%202-20000516.mp3,757
758,Paint,None,true,,758
759,Text,None,true,,759
760,Sound,None,false,http://www.xeno-canto.org/sounds/uploaded/QXRMIAOGRD/XC436593-S4A06364_20180322_193006para.mp3,760
761,Paint,None,true,,761
762,Text,None,true,,762
763,Sound,None,false,http://www.xeno-canto.org/sounds/uploaded/SDPCHKOHRH/XC471991-2019-04-15%20Barcaggio%20-%20Maccinagio%20Pipit%20des%20arbres%20cris%20de%20vol%20%2B%203.mp3,763
764,Paint,None,true,,764
765,Text,None,true,,765
766,Sound,None,false,http://www.xeno-canto.org/sounds/uploaded/HNYFHZLJOD/XC474448-190515-WW.mp3,766
767,Paint,None,true,,767
768,Text,None,true,,768
769,Sound,None,false,http://www.xeno-canto.org/sounds/uploaded/MMEJYLOPDO/XC453324-Kungs%C3%B6rn_01.mp3,769
770,Paint,None,true,,770
771,Text,None,true,,771
772,Sound,None,false,http://www.xeno-canto.org/sounds/uploaded/GYAUIPUVNM/XC466197-Troglodytes%20troglodytes_2018.09.14_17.46_01.mp3,772
773,Paint,None,true,,773
774,Text,None,true,,774
775,Sound,None,false,http://www.xeno-canto.org/sounds/uploaded/GYAUIPUVNM/XC464589-2019.02.19_15.57_01.mp3,775
776,Paint,None,true,,776
777,Text,None,true,,777
778,Sound,None,false,http://www.xeno-canto.org/sounds/uploaded/XAMHIHFTZG/XC296077-marangoneMin4.mp3,778
779,Paint,None,true,,779
780,Text,None,true,,780
781,Sound,None,false,http://www.xeno-canto.org/sounds/uploaded/OOECIWCSWV/XC460174-LS101062%20Moustached%20Warbler%20song%20A.mp3,781
782,Paint,None,true,,782
783,Text,None,true,,783
784,Sound,None,false,http://www.xeno-canto.org/sounds/uploaded/OUALYKRAJY/XC420776-ortolano05.mp3,784
785,Paint,None,true,,785
786,Text,None,true,,786
787,Sound,None,false,http://www.xeno-canto.org/sounds/uploaded/JYPQCEFKAM/XC474373-190504-121037chilreta.mp3,787
788,Paint,None,true,,788
789,Text,None,true,,789
790,Sound,None,false,http://www.xeno-canto.org/sounds/uploaded/ZNCDXTUOFL/XC477351-derkacz%20%282%29.mp3,790
791,Paint,None,true,,791
792,Text,None,true,,792
793,Sound,None,false,http://www.xeno-canto.org/sounds/uploaded/BZVYBRUAAE/XC383112-170814_01_Lesser%20Black-backed%20Gull_Norwich_13%20August%202017.mp3,793
794,Paint,None,true,,794
795,Text,None,true,,795
796,Sound,None,false,http://www.xeno-canto.org/sounds/uploaded/MMEJYLOPDO/XC432195-ngspipl%C3%A4rka_05.mp3,796
797,Paint,None,true,,797
798,Text,None,true,,798
799,Sound,None,false,http://www.xeno-canto.org/sounds/uploaded/ZNCDXTUOFL/XC466526-Bielaczek%20Mergellus%20albellus%20084.mp3,799
800,Paint,None,true,,800
801,Text,None,true,,801
802,Sound,None,false,http://www.xeno-canto.org/sounds/uploaded/BIUHKCNSRS/XC453323-DSC_0676.mp3,802
803,Paint,None,true,,803
804,Text,None,true,,804
805,Sound,None,false,http://www.xeno-canto.org/sounds/uploaded/PIKNQHUWAK/XC335716-Emberiza%20melanocephala_Ferrandina_02.06.16%20%282%29.mp3,805
806,Paint,None,true,,806
807,Text,None,true,,807
808,Sound,None,false,http://www.xeno-canto.org/sounds/uploaded/DXYUSANLSN/XC333813-charadrius%20alexandrinus%20salinas%20de%20bonanza%2018-06-2016.mp3,808
809,Paint,None,true,,809
810,Text,None,true,,810
811,Sound,None,false,http://www.xeno-canto.org/sounds/uploaded/BZVYBRUAAE/XC424168-180623_01_Eurasian%20Collared%20Dove_Norwich_22%20June%202018.mp3,811
812,Paint,None,true,,812
813,Text,None,true,,813
814,Sound,None,false,http://www.xeno-canto.org/sounds/uploaded/GYAUIPUVNM/XC473151-Prunella%20modularis_song_2019.04.20_11.17_01.mp3,814
815,Paint,None,true,,815
816,Text,None,true,,816
817,Sound,None,false,http://www.xeno-canto.org/sounds/uploaded/HVBWFBBDKO/XC378182-codirossone_DR0000_2169.mp3,817
818,Paint,None,true,,818
819,Text,None,true,,819
820,Sound,None,false,http://www.xeno-canto.org/sounds/uploaded/LELYWQKUZX/XC314060-Remiz%20pendulinus%2024.04.2016%20%D0%9D%D1%87%D0%B5%D0%B1-1%20%D0%BB%D0%BE%D0%B2%20%D1%83%20%D0%B8%D0%B2%D1%8B-AA.MP3,820
821,Paint,None,true,,821
822,Text,None,true,,822
823,Sound,None,false,http://www.xeno-canto.org/sounds/uploaded/IAODOMRGKO/XC445865-223%2012122018%209.07%20meeuwen.mp3,823
824,Paint,None,true,,824
825,Text,None,true,,825
826,Sound,None,false,http://www.xeno-canto.org/sounds/uploaded/CIMGCGUWCS/XC409144-perleugle_0330_231626.mp3,826
827,Paint,None,true,,827
828,Text,None,true,,828
829,Sound,None,false,http://www.xeno-canto.org/sounds/uploaded/OTVUCEGYZN/XC476974-geelgors%20caz%20300915.mp3,829
830,Paint,None,true,,830
831,Text,None,true,,831
